Query_ID	Doc_ID	Rank	Score
1	1268	1	69.68748314005273
1	14	2	66.29032428223826
1	792	3	65.21804136057455
1	1144	4	64.92505540888575
1	1313	5	63.76740472906116
1	51	6	59.28345681227101
1	588	7	58.01029621779288
1	1147	8	57.4727562399999
1	798	9	57.23386673651438
1	576	10	57.044154862463074
2	1201	1	177.327408075379
2	798	2	165.53249768748643
2	1313	3	146.15610395357663
2	329	4	140.7927430437217
2	792	5	135.0865903349322
2	1147	6	111.45007892379911
2	927	7	108.21182048857304
2	14	8	107.14066545057493
2	721	9	105.06471369370512
2	1144	10	102.56217200461683
3	329	1	83.90204766318301
3	826	2	78.81262734279412
3	798	3	71.27828264675038
3	131	4	65.81573465928791
3	49	5	60.71860639977522
3	344	6	57.2753795443578
3	1040	7	57.039453679721824
3	262	8	56.98580518471544
3	225	9	56.52614683082423
3	1201	10	55.93805308961709
4	1313	1	199.17098799530052
4	798	2	180.5769787875703
4	1201	3	165.71754327515671
4	329	4	161.81538723551017
4	417	5	144.4821376273802
4	1239	6	139.456949575313
4	1040	7	137.30198230903568
4	140	8	136.11024943481837
4	576	9	134.13599002334786
4	927	10	133.19637189609412
5	1201	1	60.342030268972366
5	329	2	52.56564658294488
5	1313	3	45.96756734500798
5	1147	4	43.75353726621497
5	77	5	43.214358737184995
5	1248	6	42.45472572933864
5	1066	7	41.43480871568947
5	373	8	39.04583372323574
5	798	9	37.93246047616385
5	1392	10	37.784450940676486
6	798	1	96.77860502196286
6	315	2	87.04926185146695
6	329	3	65.2366057492982
6	1313	4	60.12869305306919
6	257	5	59.31090172506369
6	522	6	55.180658471719745
6	927	7	54.883556111341534
6	344	8	54.478147224863015
6	225	9	52.2435095044204
6	89	10	51.849804774903546
7	1313	1	227.11492991727715
7	1201	2	226.38710259699667
7	1040	3	197.52217538692238
7	798	4	183.19123244723923
7	1147	5	168.95017723502843
7	721	6	163.70634489782194
7	94	7	157.36068162873124
7	329	8	147.60899216944352
7	89	9	138.00103368422782
7	1239	10	131.40522964605492
8	433	1	106.71809632775683
8	947	2	101.07939429988417
8	1201	3	99.81458409379209
8	122	4	98.09229630223867
8	160	5	96.59128370172276
8	1239	6	88.34899187900851
8	1347	7	87.63843681623388
8	927	8	86.95306198110652
8	1040	9	81.39175331630003
8	976	10	81.30146164653173
9	662	1	57.045357523551814
9	564	2	56.862724710009445
9	1040	3	52.04888800035487
9	49	4	45.6029108924901
9	571	5	42.6606267449435
9	45	6	40.705431964697404
9	1213	7	39.31826200438144
9	846	8	37.09332293526823
9	623	9	35.028473287291966
9	989	10	34.82814705967537
10	1313	1	124.04908176860272
10	493	2	113.07188160351991
10	329	3	92.6064451584966
10	798	4	92.01456635754205
10	185	5	88.64466892401207
10	1199	6	86.01665259817733
10	1201	7	85.21897040946256
10	721	8	82.42984414537456
10	576	9	80.3584106551728
10	947	10	78.01330485886523
11	1313	1	202.70820100446787
11	1201	2	201.27870211325921
11	798	3	174.0143624663473
11	329	4	161.9322703266616
11	1147	5	153.6149639298333
11	499	6	145.97111518069724
11	94	7	140.94919461366993
11	262	8	136.95036283960945
11	1239	9	126.97950025203187
11	89	10	126.42255300705064
12	1313	1	135.55327944553295
12	1201	2	132.40117531566935
12	798	3	131.3528388279673
12	131	4	105.63787569414254
12	927	5	105.30248825883076
12	329	6	103.75145655021204
12	1147	7	101.22197219960053
12	1144	8	100.61268497878098
12	94	9	99.28030447203231
12	417	10	98.0043210642176
13	1201	1	168.36039107840236
13	1313	2	134.2894607804273
13	798	3	126.10319619836984
13	199	4	104.69928542391753
13	417	5	96.85364834889751
13	1268	6	96.65157108752801
13	903	7	94.48484264339352
13	89	8	94.46848062376847
13	660	9	94.10332460243087
13	329	10	93.53690738578634
14	1313	1	86.80208135089376
14	64	2	78.20671080758503
14	798	3	76.15788273543677
14	132	4	59.74845790916587
14	329	5	57.04255701179711
14	721	6	54.655720732063294
14	170	7	50.44615938737315
14	1156	8	42.696687776533224
14	903	9	40.75736423100989
14	1319	10	40.7459928406189
15	1097	1	47.53231657121333
15	131	2	43.54021015391862
15	462	3	37.78277120770356
15	82	4	36.67272238750925
15	1313	5	36.180451505647596
15	798	6	33.16541388017696
15	1201	7	32.825243037018296
15	1025	8	32.49560139106429
15	927	9	30.815217953371207
15	792	10	29.145363712882784
16	1239	1	168.70409585152308
16	1201	2	162.1486547752936
16	1313	3	157.0115293096281
16	927	4	154.57428230244844
16	798	5	136.83172804310172
16	94	6	129.88887502357701
16	329	7	125.65495452528438
16	976	8	124.13875045016745
16	1147	9	123.71083405597874
16	499	10	118.16371211301274
17	1201	1	199.0787937254944
17	1239	2	182.82225448379876
17	1313	3	173.9510477363952
17	798	4	154.49294370886918
17	927	5	152.40620048208606
17	131	6	142.31138129206693
17	94	7	142.21920725256072
17	329	8	136.26391335323106
17	499	9	130.71611111552517
17	976	10	127.05297629123088
18	234	1	103.63846908445701
18	189	2	95.43617372142273
18	947	3	91.57272949396653
18	1040	4	88.72828804109591
18	1347	5	88.39674338614313
18	1201	6	83.04233384953534
18	798	7	81.5933410230724
18	225	8	79.87315578555888
18	197	9	79.4378145119314
18	927	10	75.59809467131632
19	1313	1	170.55138131594356
19	1201	2	137.9957403898557
19	798	3	135.49884745029232
19	329	4	121.29307754476889
19	82	5	119.00457043258369
19	417	6	113.41532732948693
19	927	7	103.44519045163125
19	89	8	102.27266268204343
19	1239	9	99.2174589363397
19	721	10	96.4576926910103
20	1201	1	176.84639635356612
20	798	2	153.7566232716651
20	329	3	139.5776133542397
20	1313	4	136.9604968351995
20	89	5	120.81041511270665
20	927	6	117.98046771783471
20	131	7	113.22297942355426
20	721	8	110.72682207604332
20	1047	9	103.87502927598825
20	73	10	102.9234368119137
21	1201	1	140.36867970018167
21	1313	2	139.52163507509644
21	798	3	127.7677538081572
21	329	4	122.78531265014672
21	452	5	93.59136971390544
21	94	6	92.68966814657168
21	417	7	90.5764574863066
21	721	8	88.44073606489552
21	193	9	88.09681230859567
21	927	10	84.4384840609683
22	1201	1	185.04021272545833
22	798	2	183.3248970028536
22	1313	3	181.86805599779152
22	1147	4	163.4272581448442
22	165	5	151.01434867743765
22	94	6	140.28226840794997
22	962	7	136.3184925624327
22	140	8	134.48366045840055
22	499	9	130.78770849715985
22	131	10	128.89445078279198
23	798	1	66.17933050270008
23	202	2	53.9715883187147
23	244	3	52.32557064078374
23	262	4	40.982502096839916
23	902	5	37.99516933286054
23	315	6	37.497634637464245
23	14	7	36.58680563182951
23	185	8	35.18995340845665
23	1040	9	35.167051047625115
23	216	10	34.43516839483676
24	1313	1	122.46196031500648
24	1201	2	120.63217320345144
24	798	3	104.39724249295547
24	329	4	97.89621248159067
24	89	5	80.96518205824911
24	417	6	77.54470663674739
24	1239	7	77.50420202436342
24	1040	8	77.3478038991965
24	721	9	76.13643408145253
24	1244	10	75.02637304862573
25	798	1	195.35509946433837
25	1313	2	164.67461718863413
25	1201	3	144.5529011198396
25	329	4	133.89516670806583
25	927	5	126.12484228402066
25	277	6	125.08369467780636
25	89	7	114.49893103398655
25	417	8	114.37991389301126
25	1239	9	108.50832947892734
25	131	10	104.16558908480935
26	798	1	232.54757568655916
26	1201	2	228.51147524008698
26	329	3	210.42764558549914
26	1313	4	190.36972027273424
26	89	5	175.7416450142399
26	272	6	161.94628940339322
26	417	7	159.24647423000718
26	94	8	158.19560830968703
26	1072	9	148.02151566178713
26	572	10	145.7952968493876
27	1201	1	195.11630745510732
27	798	2	153.79776348572008
27	1313	3	146.28375027241617
27	94	4	115.02830207817948
27	417	5	111.36183740444335
27	131	6	108.3585534369775
27	329	7	106.99952927778418
27	792	8	105.10209779324089
27	1147	9	97.57910658765414
27	89	10	97.57214079642753
28	1201	1	128.92629282493442
28	798	2	126.24552604417643
28	1313	3	117.25570135417532
28	329	4	95.3227281379754
28	826	5	90.53984643299727
28	131	6	88.30195291892497
28	417	7	83.40688663282188
28	73	8	80.52299463897482
28	499	9	77.90312033079141
28	89	10	77.53262290271147
29	1201	1	188.20485514138235
29	798	2	183.03738902186495
29	1313	3	171.64914071582083
29	792	4	148.8480939931245
29	927	5	131.85993052498875
29	1040	6	130.8206781411052
29	417	7	122.66871233660368
29	1239	8	122.56509205993555
29	797	9	117.29635052291749
29	94	10	116.35034261030253
30	798	1	41.22260877851611
30	792	2	36.4048369432763
30	779	3	35.4189988420721
30	420	4	34.02829409207592
30	464	5	31.96624834144883
30	247	6	29.123464526393768
30	921	7	29.11114942236894
30	189	8	28.789369321025408
30	229	9	28.207091630923422
30	683	10	28.108844245214087
32	329	1	74.95529533545835
32	752	2	74.09188445313319
32	433	3	68.09906483283194
32	1039	4	66.59451636520394
32	1239	5	60.06086029909079
32	683	6	59.257154471267256
32	225	7	58.92285813322189
32	160	8	57.252728156446345
32	572	9	54.97472575981789
32	289	10	54.06598567350332
33	252	1	80.97996411142208
33	315	2	76.05612951782513
33	721	3	74.87392447627339
33	185	4	69.71245563098813
33	792	5	69.02364572919971
33	712	6	65.73518967124696
33	329	7	63.09315002219009
33	976	8	60.25401806244567
33	695	9	60.240078397237966
33	431	10	59.94664949298266
34	185	1	56.07997008088109
34	1313	2	54.29082934173513
34	252	3	52.707854922804955
34	140	4	51.027373454132245
34	798	5	50.336228554712584
34	799	6	50.055215448507376
34	272	7	47.64973631558919
34	520	8	47.417869207374125
34	610	9	44.796156830543666
34	1204	10	44.215047343122734
35	1244	1	63.519690675847656
35	329	2	60.25121900616141
35	739	3	41.65693013000733
35	315	4	41.233556107706036
35	792	5	40.726517443305056
35	64	6	40.34615992210916
35	798	7	39.102808532115105
35	1313	8	37.79507896717912
35	721	9	37.17259167954751
35	927	10	36.59459745403693
36	1268	1	80.65725814593775
36	49	2	72.67752493362244
36	962	3	70.71882598454835
36	1040	4	69.40702632417042
36	662	5	68.61428918686792
36	564	6	67.1474387861922
36	1313	7	67.07364368476426
36	661	8	65.88211857139683
36	798	9	62.596911180280806
36	329	10	62.1550742799061
37	189	1	74.97684689314826
37	173	2	61.04344574223358
37	174	3	54.762674772362686
37	179	4	54.646250068438576
37	282	5	53.84934508232873
37	188	6	51.18951429561727
37	186	7	43.02149152506908
37	519	8	42.69199777804573
37	89	9	40.67143942864707
37	329	10	39.73008068907439
38	1201	1	185.7167447093096
38	272	2	153.3904118056
38	798	3	149.1012685273958
38	976	4	134.73094063679588
38	1239	5	130.7225254823764
38	329	6	124.91678461299756
38	1313	7	117.57011633713212
38	433	8	115.1621745935924
38	927	9	114.62974743901434
38	1040	10	112.06954936933133
39	272	1	114.96323803568077
39	315	2	108.13666366470119
39	798	3	65.97155688431434
39	1268	4	63.39468472339004
39	959	5	51.695741494876316
39	1154	6	50.69493241454738
39	1149	7	49.36209961743871
39	344	8	44.94979425836492
39	89	9	39.18861724803855
39	244	10	39.003471006146526
40	272	1	84.42855123794408
40	315	2	74.9990662250276
40	1201	3	41.290337133255036
40	329	4	38.80164065773036
40	536	5	38.32487178832044
40	37	6	36.800021529631486
40	373	7	35.13845533515337
40	1264	8	34.5443419398007
40	89	9	34.284137233350535
40	1205	10	32.87005684229562
41	433	1	205.42018874625518
41	289	2	166.03792364501044
41	927	3	162.50559697412038
41	1201	4	139.10552214069918
41	329	5	138.55114459863736
41	798	6	132.1805256837192
41	1313	7	124.87308793033435
41	1239	8	115.43388750317666
41	417	9	107.58943283447695
41	976	10	106.8795825265123
42	1201	1	161.42235649669266
42	1313	2	159.17809489707437
42	798	3	148.3724430547787
42	797	4	142.23874823861067
42	329	5	134.82386974687125
42	417	6	132.24219318773132
42	94	7	124.59407640539874
42	25	8	120.3914712305808
42	262	9	119.34095108734016
42	1239	10	115.76926459252176
43	329	1	134.35330812217362
43	1313	2	127.803015573024
43	798	3	127.43849240636267
43	1201	4	126.19543419126681
43	89	5	110.6822852406906
43	452	6	105.28463422360595
43	1047	7	103.62947197140994
43	417	8	102.28589990267227
43	927	9	101.49579860025626
43	1248	10	101.35496206274044
44	1201	1	141.99542716873108
44	1313	2	123.79026852607366
44	798	3	116.59087263433256
44	329	4	102.30089897573467
44	1040	5	91.0016098358625
44	927	6	85.89235114979829
44	417	7	84.93560190013203
44	89	8	84.06719007460981
44	131	9	82.65459307874846
44	452	10	81.14393108928311
45	329	1	154.53341073024748
45	798	2	141.9030611021723
45	1313	3	140.9284337404692
45	1201	4	136.84706943338378
45	131	5	107.34841405464118
45	1040	6	102.48343609789133
45	344	7	100.85527520318237
45	73	8	99.29914517525663
45	94	9	96.3608260327531
45	49	10	95.10248011617296
46	1201	1	207.9767799000777
46	798	2	192.40176556682414
46	1313	3	181.19037426639977
46	329	4	165.20364569803374
46	1040	5	139.84808747096645
46	94	6	135.94458504114843
46	49	7	134.85499715080925
46	662	8	127.89145370684987
46	89	9	125.20090794481439
46	417	10	120.21481681254578
47	329	1	158.91554111991806
47	1201	2	126.33248100752249
47	1313	3	105.43414454300074
47	160	4	100.69984498987678
47	25	5	89.0465912331665
47	572	6	88.14747022522566
47	798	7	87.74613873054297
47	522	8	84.05227438961458
47	94	9	83.35559091361048
47	417	10	82.70736678062373
48	797	1	82.76423005055815
48	334	2	63.76432671905654
48	1300	3	53.352774903920306
48	683	4	51.88864968435842
48	712	5	47.305685328133265
48	526	6	46.590226986874114
48	707	7	45.28669626235981
48	902	8	44.85958558654866
48	685	9	43.21148758462894
48	792	10	38.93531531416377
49	798	1	147.26349445862317
49	1201	2	143.51904233018513
49	329	3	126.866349069114
49	417	4	118.38430934956689
49	1313	5	116.5281460593414
49	499	6	114.72039317807281
49	1235	7	110.2260385517219
49	94	8	104.87342988329112
49	1040	9	98.78726292574969
49	272	10	98.56578141916206
50	798	1	190.65908832425754
50	1201	2	153.00765451919912
50	1313	3	146.81402053803708
50	329	4	132.65882159624488
50	1040	5	114.32726949601837
50	272	6	110.07172856663045
50	344	7	105.83489398314171
50	1268	8	104.64634689548627
50	992	9	104.41370222117197
50	927	10	102.34178830841454
51	798	1	238.84511444692714
51	1201	2	198.96831109112497
51	1313	3	187.69719613295024
51	329	4	165.6790472697161
51	94	5	152.7099333943724
51	1040	6	143.95870050418887
51	89	7	141.78331235861447
51	927	8	137.83386120400343
51	272	9	137.35258500774225
51	1239	10	128.9184938743889
52	798	1	206.06712765072632
52	1201	2	192.2575774471377
52	329	3	170.94958009910277
52	1313	4	166.27803482096587
52	272	5	139.56108232890728
52	94	6	131.52302907870978
52	89	7	130.03297889088904
52	1040	8	129.57364000878957
52	1244	9	128.03887928354908
52	1239	10	113.33301301828249
53	1313	1	181.41270065191065
53	1239	2	172.7552419837728
53	1201	3	167.02301795202226
53	798	4	153.83986907677843
53	329	5	146.03177571825776
53	927	6	144.60088619505527
53	89	7	134.29920876482237
53	721	8	132.61244337290515
53	625	9	126.49642415270745
53	976	10	126.01887522734998
54	1201	1	202.34175861660796
54	1313	2	180.07613476366436
54	329	3	159.81760377170266
54	798	4	145.89477656896656
54	1040	5	137.4995791468376
54	962	6	133.09744211318736
54	721	7	131.29465981556532
54	94	8	131.2696251472856
54	522	9	129.10710158116763
54	89	10	122.11769014236665
55	798	1	159.10363804172798
55	329	2	127.29361774829911
55	1201	3	126.47318923338196
55	1313	4	122.37416628985711
55	1268	5	106.34855608187385
55	344	6	105.71246789419007
55	315	7	104.90720760076388
55	94	8	101.60014871234057
55	272	9	101.39955086967441
55	244	10	87.09070659953788
56	753	1	130.53192773686538
56	14	2	79.83215025960878
56	202	3	77.11223432327708
56	1147	4	62.28306882203166
56	798	5	61.64935311963314
56	1313	6	54.69802166798295
56	49	7	53.095858232925416
56	576	8	52.84256154647008
56	856	9	52.65884844209605
56	441	10	52.588859415612525
57	1201	1	140.0856377873892
57	798	2	130.42309201885084
57	329	3	112.75848931604031
57	1313	4	108.95589532468023
57	753	5	107.78927264604471
57	927	6	107.05047581905863
57	89	7	100.26785992557737
57	202	8	97.7564754449774
57	1268	9	92.22655241660819
57	452	10	90.99776398043686
58	1313	1	206.355220716118
58	1201	2	187.14600206942038
58	798	3	163.20448667649822
58	1040	4	157.31320858303047
58	962	5	139.83258076911602
58	329	6	139.72207879483406
58	1239	7	138.27961335893613
58	94	8	137.54327140403393
58	927	9	136.92272131315067
58	49	10	130.3150503823365
59	272	1	78.52639811622774
59	329	2	65.98400306375935
59	798	3	63.62917588986661
59	364	4	54.33655832044396
59	24	5	51.76342596022127
59	1201	6	50.88901916004576
59	458	7	49.59826149489889
59	1244	8	48.76982786820031
59	1225	9	46.72635009023686
59	94	10	46.45610676332079
60	1201	1	202.65281934846595
60	798	2	198.35239354303482
60	329	3	171.68001595115703
60	417	4	161.69779747285207
60	1313	5	158.5477845239899
60	499	6	139.45937544934037
60	131	7	135.62022113586204
60	89	8	129.6233514648604
60	94	9	121.54305421671918
60	49	10	118.83050639999433
61	329	1	138.89569441331582
61	1201	2	118.07630763389056
61	272	3	105.00998155162664
61	1313	4	104.8550140800467
61	94	5	102.92375797093045
61	962	6	102.3288070328494
61	452	7	101.22703131849765
61	522	8	101.1209430135132
61	564	9	100.57543950169962
61	1040	10	99.15814865920827
62	1201	1	286.27368911208737
62	798	2	227.32035142167848
62	329	3	216.8260847259583
62	1313	4	203.5997259353254
62	89	5	167.60437452350914
62	272	6	165.50833218529453
62	94	7	160.5112383297851
62	417	8	154.06022960768965
62	452	9	151.09955614578055
62	1268	10	143.20350894984406
63	798	1	80.39021367136846
63	721	2	64.7383725363185
63	1040	3	60.359993334842365
63	1119	4	59.95163369439396
63	928	5	55.45321450917853
63	96	6	55.316217210348995
63	131	7	51.67797579875072
63	1104	8	51.25498899337513
63	189	9	49.53835725610788
63	1313	10	48.75407668066484
64	1201	1	223.28642257242
64	1313	2	186.31436625417544
64	798	3	168.91489389808135
64	329	4	162.4312392790901
64	1047	5	140.71241588870672
64	262	6	137.00056262739636
64	928	7	130.2826978928709
64	1147	8	129.1203176092475
64	89	9	124.28262544797288
64	131	10	121.22640922877122
65	329	1	174.68026536896284
65	798	2	173.28889266650324
65	89	3	158.09532526912224
65	1244	4	148.28540009816103
65	1201	5	144.8261542089679
65	272	6	128.64483397901768
65	1313	7	126.91817121642336
65	1040	8	120.9884574992025
65	721	9	120.72482309864878
65	94	10	119.51717371564408
66	329	1	244.9059856384871
66	1201	2	222.51387949667196
66	1313	3	214.6835323269205
66	798	4	191.2120114065291
66	417	5	170.46260390505498
66	89	6	168.2138365966315
66	94	7	160.13197158857182
66	1244	8	159.04457962165827
66	131	9	152.25201134997903
66	1239	10	145.14844553327097
67	329	1	201.30909469022072
67	798	2	185.64947435478132
67	89	3	162.793268275245
67	1244	4	160.130384560755
67	1201	5	145.8239852124775
67	1313	6	144.5512443812703
67	272	7	141.58490250293144
67	94	8	130.13546371513354
67	721	9	126.67772729503861
67	417	10	118.76983287993711
68	272	1	129.7010700803714
68	1201	2	127.97103451133671
68	1313	3	124.39333406010694
68	329	4	124.31003873768151
68	628	5	108.45249712111011
68	798	6	101.10218009710916
68	1248	7	97.66210996571417
68	1040	8	97.61167476116226
68	94	9	91.39258938212747
68	417	10	90.2419327085243
69	1201	1	163.93377398755456
69	329	2	161.95681200022833
69	798	3	133.99184699753235
69	1313	4	126.9908128389487
69	94	5	119.23119984941445
69	1244	6	109.40028083436405
69	272	7	107.9470292778827
69	89	8	102.34926756529211
69	417	9	99.69939548304322
69	160	10	95.50613268041586
70	329	1	150.00708525675321
70	1201	2	124.49967573408664
70	798	3	114.87228420797214
70	1313	4	105.48130470069346
70	272	5	103.16713858049266
70	1244	6	99.84049943958395
70	89	7	94.711942704696
70	364	8	88.18229895811693
70	62	9	87.30666074918902
70	94	10	83.82176290228183
71	329	1	68.0622006332666
71	798	2	53.16130855112333
71	572	3	48.606544034330916
71	170	4	34.99675206985025
71	25	5	33.61384719044147
71	573	6	33.05343956077196
71	1214	7	30.19597372277687
71	625	8	29.663816992981474
71	540	9	29.381618313808552
71	1310	10	28.90076327733184
72	1313	1	116.70299662408709
72	315	2	115.36073496255952
72	329	3	96.83092089205877
72	193	4	94.78277729377092
72	1040	5	93.40880412503955
72	272	6	92.04209773955056
72	996	7	73.98488664971546
72	9	8	72.11292293961654
72	1300	9	70.96705046191298
72	1381	10	70.07862518782314
73	1201	1	153.36226508329892
73	329	2	142.75936808364477
73	1313	3	140.21753033688285
73	332	4	136.26381345728365
73	798	5	128.19337015457907
73	1072	6	111.58160681419102
73	373	7	108.0523436733186
73	625	8	106.0148471262394
73	721	9	105.947578972927
73	1040	10	104.2009626904603
74	1201	1	230.17185692381616
74	1313	2	214.48351349638781
74	329	3	206.92794542219607
74	798	4	182.852146113255
74	89	5	163.2731298367983
74	721	6	161.65662618681256
74	1147	7	149.56195138651827
74	1040	8	142.5994448863172
74	625	9	140.9580460496472
74	272	10	140.16572555981998
75	1201	1	195.76888091184247
75	798	2	163.41382629683346
75	329	3	157.81220039200392
75	1040	4	151.37640976649516
75	1313	5	143.00231377445942
75	73	6	132.6371445720675
75	662	7	131.6146120733051
75	49	8	130.90446029693527
75	94	9	121.09977719111035
75	272	10	120.88715430200659
76	1313	1	249.009281334397
76	329	2	231.01291229712635
76	798	3	191.30955323751624
76	1201	4	180.37985227476466
76	272	5	163.02684801788425
76	1040	6	146.36684806440834
76	89	7	134.33384537427796
76	315	8	131.44199380062298
76	1244	9	127.14072004102887
76	976	10	125.49903318242212
77	329	1	336.50486636328253
77	1313	2	261.6963773398602
77	798	3	212.52309379573092
77	1201	4	192.41059547753304
77	272	5	177.7103615125183
77	1040	6	148.9964157871948
77	417	7	142.39510999194533
77	89	8	137.14045029492945
77	1244	9	131.6851335143632
77	315	10	130.0524713867988
78	1201	1	148.0405285056079
78	1313	2	142.7005748956832
78	589	3	140.51721912648478
78	798	4	138.04314728992696
78	576	5	124.22373385789734
78	329	6	123.27907508117524
78	588	7	122.77452153679428
78	89	8	110.03596540380718
78	131	9	100.4811436740022
78	721	10	100.3865847215483
79	199	1	154.73912399378733
79	1313	2	83.63899578958184
79	1066	3	81.26101752161186
79	329	4	73.68644411895811
79	225	5	71.34592441202646
79	798	6	70.29777254368643
79	202	7	69.19037346608198
79	748	8	68.11291940570047
79	165	9	61.382119422379034
79	806	10	61.23043534818472
80	199	1	98.87357995378379
80	329	2	93.7663158266972
80	1313	3	92.73423752016728
80	798	4	89.28115677814482
80	927	5	87.14299798952892
80	315	6	84.38952865084167
80	599	7	83.27077398538415
80	202	8	79.76985880471955
80	792	9	76.60868857866609
80	262	10	75.59869061823167
81	329	1	66.76542550407942
81	1201	2	66.21401560994843
81	315	3	63.21276548452772
81	140	4	61.67791150879322
81	1072	5	59.996277136791
81	185	6	59.76823507831587
81	1313	7	58.79346600273421
81	94	8	57.84225154266622
81	179	9	55.382566977881986
81	188	10	54.29607494652855
82	798	1	121.02295431248285
82	225	2	114.48253604297112
82	315	3	106.7979735763771
82	927	4	98.51137042913712
82	792	5	88.23472467386695
82	712	6	85.08811914576891
82	699	7	82.82659410069293
82	329	8	79.30813099467258
82	779	9	78.30193372588391
82	677	10	75.9084316796156
83	1201	1	168.36039107840236
83	1313	2	141.8164801571437
83	798	3	134.44361188379773
83	329	4	105.53967547450594
83	417	5	104.38066772561389
83	94	6	96.92149825073416
83	73	7	94.84970426153006
83	1040	8	93.71518145915891
83	89	9	92.53362031089975
83	826	10	92.45444388309892
84	798	1	210.43971356707445
84	329	2	163.31259185474903
84	1201	3	146.79763021363527
84	1313	4	139.77130624641788
84	522	5	135.73057639884973
84	1040	6	133.76266107015414
84	927	7	123.2086848241947
84	94	8	120.12197949980953
84	315	9	116.42692742762657
84	89	10	112.80401533054093
85	272	1	163.42163678791627
85	798	2	132.7791847967244
85	315	3	129.86307199534858
85	244	4	94.94099912625752
85	1313	5	90.5699269295478
85	874	6	85.66910477444986
85	344	7	84.3858843438243
85	89	8	82.59602363895186
85	536	9	80.8986539809594
85	522	10	79.27024444539373
86	244	1	89.35775610266089
86	798	2	86.09563623594788
86	199	3	83.16279803881402
86	599	4	77.85226348094746
86	179	5	72.32249758680106
86	329	6	69.73004278682981
86	928	7	69.41312255035916
86	188	8	68.68551017864698
86	315	9	67.56762220805624
86	790	10	66.65166431723429
87	798	1	240.1267683767216
87	329	2	239.25182625086092
87	1313	3	237.2166670765222
87	1201	4	188.70420935501593
87	797	5	165.96805978967308
87	89	6	158.4464493530247
87	334	7	147.93184352024562
87	272	8	138.5770377439652
87	757	9	137.36410574771077
87	927	10	133.17763849558546
88	798	1	165.61288881410135
88	548	2	163.10673102334098
88	1201	3	157.80040680413242
88	1313	4	149.84586524132826
88	1244	5	142.43438874504412
88	329	6	137.05589979076603
88	1040	7	136.20508434174033
88	89	8	130.07389377311142
88	499	9	124.2182984677307
88	874	10	121.6664309867021
89	1201	1	188.84838904605124
89	1313	2	168.28857138745695
89	798	3	161.34908353079675
89	1239	4	151.97549606900563
89	433	5	130.90852575719506
89	757	6	123.78093364915011
89	329	7	121.78887220121908
89	272	8	121.44777304978471
89	1040	9	119.1643197425317
89	94	10	115.26226372543526
90	798	1	97.5822156655991
90	329	2	97.44159868681686
90	272	3	80.82897542342673
90	1313	4	74.44622997526638
90	1364	5	53.69234170937637
90	757	6	52.46761680572575
90	996	7	51.55210632225923
90	1225	8	47.83787187067557
90	170	9	46.35708862962215
90	484	10	43.49972645138463
91	252	1	54.216439346886766
91	315	2	48.684499932103584
91	1313	3	39.084812726144456
91	610	4	37.77467302417832
91	799	5	37.55326837655889
91	685	6	37.21799100711611
91	1201	7	37.067212446693766
91	798	8	35.353797087031616
91	801	9	33.783607630766795
91	976	10	33.69939927127829
92	1201	1	281.30500771309767
92	1313	2	251.5868601179292
92	798	3	229.92722813574204
92	329	4	221.60681767622904
92	1147	5	189.86585210568285
92	262	6	182.61866065566238
92	94	7	179.7804784909356
92	417	8	176.27506979622845
92	244	9	171.700645199541
92	1047	10	168.64450267844492
93	329	1	172.96895418290518
93	1313	2	162.39484280716877
93	1201	3	155.17062919119905
93	798	4	152.8853380010369
93	635	5	139.68315178662974
93	1047	6	120.85576419181703
93	262	7	119.29888546928365
93	89	8	114.45818886679827
93	244	9	114.12787052722206
93	928	10	112.34552234751881
94	1201	1	229.41723720705016
94	329	2	182.08398616586717
94	1313	3	175.48861552024027
94	1040	4	158.5862817476461
94	1239	5	157.3556632410787
94	662	6	146.93414014568512
94	798	7	145.12091375318025
94	976	8	133.22280816018161
94	1147	9	132.981523554553
94	101	10	130.79701898862336
95	1201	1	145.73397955364024
95	329	2	120.52754712335394
95	1313	3	119.51039534434982
95	662	4	113.46577328681579
95	272	5	105.89310106075354
95	49	6	101.4994368064235
95	962	7	99.31006175810037
95	1040	8	98.44035898744825
95	798	9	97.3557829669692
95	417	10	93.73966912012901
96	798	1	149.3876345884514
96	1201	2	118.80516311805809
96	1313	3	100.00050332789293
96	927	4	99.01936782768945
96	329	5	95.75123849293234
96	89	6	93.38592443997172
96	712	7	88.56208492742796
96	1040	8	86.7212898292039
96	699	9	86.22553043960178
96	797	10	83.77152561294228
97	1201	1	201.0036136260656
97	798	2	185.3435831447302
97	329	3	181.75478214448518
97	1313	4	179.9829261181963
97	89	5	131.2090161370282
97	94	6	129.46374347252436
97	417	7	122.78185383652888
97	1040	8	119.33801033601192
97	927	9	117.77031757396247
97	1147	10	114.57698441201569
98	673	1	128.44236162105713
98	315	2	102.32026260622602
98	798	3	100.3451705833726
98	792	4	88.15203260418382
98	1343	5	79.0862620164591
98	712	6	76.95648716413324
98	638	7	73.70205904558779
98	189	8	73.6255458518437
98	1201	9	73.49194186052327
98	433	10	72.1811822341779
99	1201	1	125.86943265560406
99	1313	2	112.65800004993675
99	798	3	100.62397495285994
99	94	4	100.54794563332327
99	1147	5	98.1464992627823
99	77	6	94.79850409959997
99	962	7	94.30880271821451
99	315	8	84.365251999484
99	262	9	81.07431490200595
99	417	10	81.01017413768864
100	1201	1	152.30281129887598
100	798	2	146.8408682360369
100	1313	3	135.17376717444327
100	928	4	133.17363092179173
100	739	5	128.4875752030622
100	826	6	128.254679338306
100	1119	7	110.26754766865471
100	822	8	107.4144594636481
100	1040	9	107.34824390772351
100	1122	10	102.33761737134277
101	1201	1	172.04038347918546
101	1313	2	164.32137735598695
101	826	3	162.24348440353046
101	820	4	155.88897308585456
101	798	5	150.17624501222042
101	329	6	137.68060887132742
101	417	7	130.20115798081605
101	1119	8	130.10844912224835
101	131	9	111.16085522007617
101	1239	10	109.13888751514959
102	798	1	56.1169904330732
102	721	2	48.71850725430639
102	660	3	46.503342806243495
102	1039	4	45.48992180637881
102	576	5	44.10686354654608
102	1313	6	41.6259847011298
102	1166	7	41.46838423626413
102	673	8	41.420007938924684
102	588	9	40.645429666854234
102	1268	10	38.16256298588447
103	1201	1	173.0205467929567
103	798	2	160.73912736933562
103	1313	3	137.3962312567969
103	329	4	129.59247078294723
103	1040	5	102.29606864724153
103	417	6	98.40703358708228
103	827	7	96.50727369103983
103	1239	8	95.43208651701289
103	928	9	91.68177174151634
103	94	10	91.63350936056216
104	1313	1	180.42125941410234
104	798	2	172.5653089581735
104	1201	3	168.6204172688183
104	329	4	146.00561610010854
104	244	5	132.59540067070316
104	417	6	129.80871128724823
104	1040	7	127.67197881309113
104	131	8	127.20976176225508
104	962	9	124.20391311389155
104	826	10	120.18826477546288
105	1201	1	179.53949898107737
105	1313	2	155.86659578980542
105	798	3	153.87424990817001
105	1040	4	127.4889658025377
105	417	5	117.93047500105213
105	329	6	116.20465227358326
105	94	7	113.79701372233257
105	1239	8	113.28697007256471
105	1147	9	113.1957310334203
105	89	10	110.31260859000867
106	764	1	40.32207345464303
106	908	2	37.106759493978196
106	739	3	36.42199621454887
106	890	4	35.511833143524825
106	844	5	31.1818000205927
106	1066	6	28.922055086275147
106	740	7	27.58664965730876
106	329	8	25.711454650505942
106	1129	9	24.711294661346155
106	1392	10	23.85137094245681
107	798	1	239.8711139424215
107	1313	2	228.47240513327284
107	1201	3	225.38367175387498
107	640	4	210.44334132869108
107	329	5	190.74452186948488
107	1147	6	154.89264379057119
107	89	7	153.20268847522084
107	1040	8	151.451070698447
107	1239	9	150.72650962645528
107	244	10	148.56239030974274
108	1201	1	176.1172798317466
108	798	2	146.6733869696955
108	1313	3	140.26518036471606
108	1244	4	135.2413313630563
108	721	5	106.5682883777385
108	417	6	105.53122616404056
108	329	7	105.08343430884857
108	89	8	101.25666050011955
108	1040	9	100.7274527293277
108	151	10	99.07045005926282
109	859	1	53.291160898034896
109	856	2	49.39985937089166
109	51	3	39.08362157272921
109	1066	4	37.481040641234515
109	717	5	35.83247125029191
109	857	6	34.04496954453774
109	77	7	31.174420858509876
109	163	8	31.0949763253004
109	1104	9	30.84641774510312
109	658	10	30.79994252174599
110	1313	1	146.7360458815037
110	1201	2	142.78410632094034
110	798	3	137.54596180854207
110	417	4	128.1943931354115
110	329	5	118.93412046494323
110	131	6	118.14312356302565
110	89	7	117.8832456472093
110	721	8	110.33713146947093
110	827	9	109.83123364895255
110	874	10	101.78126158665243
111	798	1	177.94586139902012
111	1201	2	157.31142476728505
111	1313	3	147.4975470045902
111	202	4	135.9412095678704
111	1040	5	123.75187865065283
111	329	6	123.67991103088433
111	826	7	120.2925348157265
111	766	8	112.24289198723211
111	797	9	111.5852814558882
111	1392	10	110.91143960497092
112	1201	1	183.00142341068963
112	798	2	175.96844742838994
112	329	3	168.44064928041345
112	1313	4	160.71659712373352
112	131	5	154.654748414537
112	730	6	153.46138851574844
112	826	7	142.310801741277
112	499	8	138.56464430878302
112	721	9	120.64204807024495
112	89	10	119.86192564393036
113	1066	1	56.95756473207321
113	1313	2	53.4537839807827
113	798	3	51.25296632067106
113	792	4	50.4652793790797
113	685	5	49.49963700788044
113	638	6	48.6843922477115
113	1040	7	48.33974796537146
113	1381	8	47.16154403617585
113	14	9	45.7516924332172
113	815	10	45.738052322787475
114	798	1	256.9400142484992
114	1313	2	250.5564703054352
114	1201	3	235.32473906628712
114	1147	4	219.6480592003123
114	1239	5	217.27610323931165
114	329	6	191.52455102292512
114	1047	7	190.23665299642926
114	927	8	184.7922916821622
114	315	9	183.72824201365881
114	89	10	182.46306267440454
115	1201	1	204.6914655534744
115	1313	2	188.2238860576999
115	798	3	183.87338927371144
115	329	4	147.9419336394869
115	89	5	139.02944860319113
115	927	6	133.4673844715152
115	417	7	132.20188926760983
115	94	8	125.35562171074318
115	499	9	115.22881598464022
115	1147	10	114.21940018600905
116	1201	1	200.34612279916468
116	522	2	176.83860364463763
116	1313	3	175.18321153067916
116	798	4	167.00977900654613
116	272	5	153.01987290955873
116	329	6	147.45724536054206
116	94	7	132.31296404245586
116	417	8	128.63943807860434
116	1239	9	124.9129102581159
116	927	10	123.09530851678046
117	1201	1	200.83853806083619
117	1313	2	166.26600594556527
117	798	3	165.5812852592323
117	1239	4	161.4973691969194
117	927	5	158.19195356707496
117	433	6	141.769635816354
117	329	7	121.3808147791502
117	417	8	120.74211460298876
117	1040	9	120.68134425318007
117	1147	10	118.60069670538043
118	1201	1	198.40550462836356
118	798	2	185.4427818613817
118	1239	3	183.72268086073223
118	1313	4	170.6219847292129
118	329	5	146.55509490030633
118	927	6	135.88458822193485
118	452	7	128.27143704681438
118	1040	8	125.65014791894014
118	433	9	122.94712035701936
118	89	10	115.32193437713602
120	1201	1	154.70450491595628
120	1313	2	143.77257902082317
120	798	3	125.9798524793531
120	826	4	120.04650820781399
120	739	5	115.9910655378454
120	928	6	113.0766444180696
120	827	7	112.33179681840183
120	1040	8	108.12547144999846
120	329	9	104.46670119116128
120	927	10	103.3777452504759
121	792	1	59.07537078779376
121	837	2	56.72686874386642
121	827	3	56.3308220494427
121	739	4	54.778087161789585
121	767	5	50.91761156250283
121	1119	6	50.88976718474884
121	576	7	47.238379643147844
121	887	8	42.96738568500957
121	704	9	42.867004222791216
121	82	10	42.62443244704723
122	1313	1	137.01056588341004
122	1201	2	132.99613307064212
122	798	3	119.0459604105273
122	826	4	115.75923994500526
122	417	5	115.69920340636926
122	329	6	105.02268336526663
122	927	7	100.37459072910775
122	499	8	99.60332014552571
122	73	9	97.16646893509812
122	199	10	96.24769482861782
123	798	1	190.43133498015658
123	1313	2	173.838344969003
123	329	3	173.60768509929022
123	1201	4	154.46947901906154
123	131	5	139.88661687884442
123	927	6	130.94377288115567
123	417	7	122.99778450327909
123	89	8	122.20211943538754
123	244	9	120.36251617777069
123	1040	10	116.59996894785577
124	1313	1	222.88841851204413
124	329	2	215.06150550839848
124	1201	3	211.49783658160666
124	798	4	186.55946391361755
124	417	5	171.0042019390371
124	927	6	166.07242864745257
124	94	7	158.41305792401127
124	499	8	152.21834061138395
124	131	9	149.84344910863655
124	73	10	147.73945528098807
125	695	1	91.76433321686507
125	1195	2	84.74573921403625
125	997	3	61.932906517602305
125	173	4	59.651320522015475
125	721	5	59.08123318701507
125	1292	6	53.067836914039255
125	174	7	51.636020855196854
125	993	8	51.26807457361989
125	992	9	50.10680050573578
125	946	10	50.076543909760275
126	1095	1	68.56244064649819
126	773	2	53.67715208577435
126	1265	3	42.960929017843284
126	628	4	42.50184070940184
126	1326	5	40.47982013827823
126	974	6	36.39856089841727
126	994	7	35.175390333824545
126	638	8	34.22768148378988
126	125	9	33.39114458642302
126	991	10	33.07345049157378
127	1313	1	185.56678185446512
127	1201	2	180.59951588906904
127	329	3	172.03238542619673
127	798	4	150.80755228152037
127	94	5	144.75254113424535
127	499	6	140.91073384678015
127	962	7	137.93504475504562
127	1147	8	133.51093693270673
127	1040	9	129.05060115934015
127	49	10	125.53457597078412
128	193	1	57.938111656980325
128	640	2	47.75701713506871
128	82	3	46.79854039181241
128	198	4	45.92780575318264
128	762	5	44.068042544622365
128	329	6	43.03899165034499
128	156	7	42.24264527937086
128	1248	8	40.29997487294133
128	962	9	38.150369737880666
128	712	10	37.7223786521436
129	1201	1	131.36494897685984
129	798	2	117.83001655303418
129	329	3	110.06707021027019
129	1313	4	104.34164978051861
129	94	5	102.81265856562845
129	987	6	90.99081487056024
129	927	7	90.36850935212664
129	73	8	87.91503239986527
129	131	9	84.9296010739082
129	452	10	83.86108388499738
130	859	1	152.60298201000785
130	1201	2	149.7775369163342
130	1313	3	149.40234279412098
130	1147	4	132.70977197699233
130	798	5	131.33152797794517
130	329	6	117.15390121360397
130	202	7	116.07846478480016
130	856	8	115.97886360951809
130	766	9	114.47768475215302
130	1239	10	106.06189551763856
131	798	1	96.4555111349583
131	1313	2	95.04577332590421
131	329	3	86.78295771546621
131	1201	4	84.83502258654768
131	927	5	83.36473219003781
131	928	6	74.6751188068748
131	417	7	73.75427901420323
131	94	8	69.98958682525324
131	315	9	66.46564643248027
131	234	10	64.93230383203387
132	827	1	56.52556114681863
132	1013	2	46.51350692377207
132	1028	3	44.774316322470824
132	1015	4	43.73257346602523
132	739	5	43.340992580148274
132	767	6	42.33337721724654
132	1024	7	39.290338797059135
132	1313	8	39.111473042209155
132	928	9	38.51330372413231
132	1119	10	38.51330372413231
133	827	1	53.214013450496154
133	1028	2	47.32481169927148
133	1013	3	46.51350692377207
133	1015	4	43.73257346602523
133	928	5	43.2337683179727
133	739	6	42.96046642038736
133	1024	7	39.290338797059135
133	767	8	38.26077720140225
133	760	9	37.80791014387987
133	820	10	36.72696955757275
134	1313	1	212.4178349478306
134	1201	2	190.89300740982193
134	798	3	176.50805386458293
134	329	4	140.92242525373325
134	1147	5	139.3974755011
134	1239	6	132.59283860550534
134	827	7	132.50753276424922
134	1040	8	131.49279204048872
134	721	9	129.5079542728548
134	417	10	126.61636092390432
135	1201	1	149.33428847661634
135	1313	2	132.8042890290056
135	329	3	119.90818967904647
135	798	4	116.58312628654201
135	827	5	108.8093873259319
135	927	6	97.84243098332175
135	417	7	96.98988620611004
135	452	8	95.82165370505363
135	928	9	92.29602552554614
135	89	10	89.5889311307632
136	1201	1	160.47813951161754
136	1313	2	136.82784802711123
136	798	3	127.72697732154322
136	329	4	116.818978424498
136	140	5	115.53644831039705
136	94	6	111.2954528093977
136	827	7	108.27067144818406
136	89	8	106.76812066292288
136	1119	9	103.89892917171231
136	721	10	102.19357077676324
137	798	1	205.8752512267956
137	1313	2	192.7499905154675
137	329	3	165.33015184265653
137	1201	4	162.32092283729517
137	928	5	142.65253761605442
137	244	6	141.4151636336094
137	225	7	136.2896144193271
137	417	8	135.80011072742482
137	927	9	135.23239100042133
137	1268	10	132.660511852563
138	798	1	136.22033617486326
138	1201	2	133.58644853948877
138	826	3	132.62757124983176
138	1313	4	118.18030808155727
138	131	5	111.74694424113727
138	928	6	107.24723794550698
138	1040	7	100.90674311565066
138	329	8	100.47488115530905
138	889	9	97.13208710460084
138	73	10	92.9230853973111
139	826	1	169.05353546153032
139	798	2	156.49648377445095
139	1201	3	149.4156762833032
139	1313	4	146.66192628641568
139	131	5	137.1559824970201
139	1040	6	126.1064992484535
139	721	7	124.07669329838278
139	89	8	114.41424201098182
139	928	9	112.15953001849138
139	94	10	110.30745233531519
140	1201	1	146.89292967449757
140	329	2	125.61490415327316
140	1313	3	114.38209469916826
140	798	4	103.79335950260203
140	721	5	87.70268836666487
140	89	6	84.00155833546634
140	1040	7	82.03697051078227
140	452	8	80.59843099657287
140	927	9	75.34433880116842
140	874	10	74.61489348984253
141	889	1	93.75322361546762
141	329	2	83.942521064073
141	826	3	81.57957045233384
141	798	4	80.01509983001708
141	792	5	71.34648943121259
141	927	6	71.20736293828499
141	160	7	70.59693208490329
141	1201	8	69.1014184527192
141	452	9	64.26654006846024
141	1313	10	63.9504248085622
142	827	1	43.37374312421071
142	798	2	43.29390428890156
142	1040	3	41.78764688151443
142	329	4	41.47867197095289
142	928	5	40.882907350036525
142	174	6	37.97836609827492
142	1134	7	36.96226116518561
142	721	8	34.30616501804197
142	889	9	34.05532561410255
142	636	10	33.805777904238916
143	1201	1	164.81250731906312
143	329	2	150.3461653894624
143	1313	3	140.54992594508667
143	798	4	139.8983427723273
143	826	5	121.54417211835913
143	927	6	121.48479649809032
143	452	7	117.13700550531257
143	889	8	110.69064007769066
143	89	9	110.10874828930886
143	160	10	107.85050692600483
144	1201	1	156.40375699466063
144	798	2	144.53002035749773
144	1313	3	141.99342684393855
144	329	4	119.51598041769975
144	928	5	119.46122363503987
144	721	6	117.11875519044798
144	1040	7	108.03049307376926
144	846	8	107.20701249121191
144	499	9	105.37227029924568
144	94	10	105.19333363981801
145	329	1	161.45555341719154
145	1201	2	158.25098778892806
145	798	3	141.46668803769307
145	1313	4	131.4766672825818
145	928	5	115.1312816091568
145	827	6	113.81626639511691
145	839	7	111.48514927519074
145	452	8	109.42679609426392
145	927	9	105.99261339059092
145	94	10	100.06647441406751
146	1313	1	167.87188114458635
146	798	2	159.0062608909049
146	1201	3	155.76144882143208
146	329	4	151.56992088938998
146	928	5	141.98005705152727
146	1047	6	131.21420147380226
146	89	7	127.00690562222567
146	927	8	125.41140166266914
146	1147	9	123.9647691056859
146	826	10	122.8515364714035
147	1201	1	144.5942077866912
147	329	2	120.2684044554774
147	1313	3	119.31451981407042
147	798	4	114.81126330882992
147	417	5	111.93338065163536
147	927	6	98.08599240633029
147	826	7	97.09014090962155
147	1392	8	94.44485898659364
147	89	9	93.34552062489843
147	1119	10	91.826214144062
148	827	1	95.80481897609918
148	928	2	76.73766412341988
148	826	3	74.44526125049649
148	1119	4	73.36259973652407
148	739	5	70.90035222123606
148	798	6	67.27418488011004
148	820	7	60.61746814390882
148	1313	8	56.33276110599327
148	1122	9	53.93443313816469
148	889	10	53.26495095104783
149	1201	1	131.64506740140598
149	798	2	125.38865608510221
149	826	3	120.96794795942999
149	1313	4	115.49872721864364
149	329	5	108.14549608947577
149	417	6	94.77530926698026
149	673	7	93.03741106515565
149	827	8	93.0029287019048
149	928	9	90.52468522505545
149	499	10	89.8927575667119
150	1313	1	220.56174014350475
150	1201	2	213.6091390609026
150	1239	3	199.7820504294137
150	433	4	166.7534644516303
150	798	5	154.95169412273367
150	1040	6	130.79119839812404
150	1147	7	129.43783276958095
150	927	8	123.73000836827367
150	329	9	122.48058727089388
150	89	10	121.64467161342198
151	1201	1	194.92547828517394
151	1313	2	190.5786407283318
151	798	3	177.92446433917002
151	1239	4	152.78088570028797
151	433	5	149.35200878245652
151	329	6	139.2144001294212
151	721	7	133.25660769470653
151	417	8	130.64546932313954
151	1040	9	125.38881905090192
151	673	10	124.45912734523374
152	798	1	230.46160211937848
152	1201	2	219.69545292022318
152	329	3	188.8024253825593
152	1313	4	175.4536772155525
152	94	5	160.6151138643756
152	89	6	158.83057317858695
152	1239	7	153.79735651008428
152	272	8	147.52051395924457
152	673	9	140.95752771478624
152	1040	10	137.1626070530789
153	329	1	129.7453569118142
153	1201	2	108.41800193202262
153	1313	3	83.4238519038672
153	798	4	80.92398275541358
153	94	5	66.96442176506773
153	417	6	65.1074606436918
153	1147	7	62.82652797451179
153	149	8	62.64259548581829
153	1244	9	61.25031210118907
153	1239	10	60.94062344732673
154	94	1	58.929093950744644
154	827	2	58.438855715942715
154	417	3	54.86629461934601
154	962	4	53.792053917384685
154	225	5	50.94070802508721
154	1248	6	50.45667434278159
154	1201	7	49.371740179313306
154	329	8	49.01027494849369
154	1375	9	46.63876271186722
154	193	10	46.428094641721316
155	798	1	58.40344453926096
155	1147	2	56.61382246339636
155	1097	3	48.797942094180655
155	810	4	47.70268220431055
155	806	5	44.255353037666396
155	1040	6	43.78489625737009
155	83	7	42.233710094307334
155	792	8	41.95631246648849
155	131	9	40.84060722020196
155	73	10	40.14471122765063
156	1097	1	77.6493935914167
156	798	2	74.42797727316007
156	1201	3	69.56103350066395
156	1313	4	50.25854065673633
156	329	5	45.76361193276775
156	792	6	45.65416582007775
156	1040	7	45.32946731812676
156	94	8	41.02528524685056
156	417	9	40.728599967528815
156	553	10	40.348913415620515
157	329	1	137.46405124642294
157	927	2	133.0470856918153
157	160	3	131.9412537321432
157	1313	4	122.99851597594507
157	1239	5	119.45643654679424
157	25	6	118.27263841948977
157	1201	7	117.56612265499486
157	225	8	117.52051989836228
157	798	9	112.13342275164527
157	234	10	105.32905687227509
158	1201	1	145.67530649286658
158	1313	2	130.88553998536668
158	798	3	118.86932582145035
158	329	4	100.08682115359045
158	131	5	95.99316531003083
158	927	6	90.22199735886352
158	262	7	88.52928839946914
158	1072	8	84.35335801852756
158	499	9	84.23860558324706
158	89	10	84.06719007460981
159	1201	1	208.489897665704
159	1066	2	167.54150137705335
159	1313	3	164.21008303393842
159	798	4	157.33667537080265
159	1239	5	152.91027685310718
159	329	6	143.95920888493907
159	927	7	139.67954496810563
159	89	8	124.8546412552015
159	499	9	124.49613036003623
159	160	10	122.71065879085972
160	329	1	195.669103808712
160	798	2	193.32681546286065
160	1201	3	189.66546912120975
160	1313	4	187.50190868295357
160	89	5	161.33636259054538
160	1134	6	154.68847110196054
160	721	7	154.65553098994616
160	827	8	152.39011189841935
160	417	9	149.91672356727784
160	739	10	149.31843558455432
161	329	1	255.8063322324971
161	798	2	248.58202771936516
161	1201	3	238.08177080637304
161	1313	4	210.2020947644465
161	417	5	187.15550255844101
161	94	6	183.23898655263972
161	1040	7	182.5571106974336
161	962	8	177.53257240054765
161	89	9	166.82659060133682
161	49	10	165.26676549726557
162	798	1	234.30280786937786
162	1201	2	205.22564831049394
162	329	3	199.52038677454658
162	1040	4	163.85991841101526
162	94	5	163.26368295648064
162	1313	6	152.29873005832832
162	160	7	144.29004097755973
162	364	8	140.91553198958434
162	89	9	138.21418033972463
162	962	10	135.21443503701803
163	1313	1	192.33029050176845
163	1040	2	176.8537858852854
163	1201	3	169.79567324035847
163	798	4	147.03639622176814
163	329	5	138.85418855247624
163	721	6	137.92489081699637
163	1147	7	135.89771051794241
163	373	8	129.56472912911696
163	673	9	117.13950673082454
163	25	10	115.10482509465662
164	1313	1	181.25046303314969
164	798	2	178.5445201377705
164	329	3	174.60644498302406
164	1201	4	140.38121373151225
164	272	5	119.82978968964562
164	89	6	110.17340489920812
164	1239	7	107.65770121482862
164	1244	8	103.58495308326452
164	757	9	101.73939937622444
164	1382	10	96.48549604184817
165	329	1	180.76962716142208
165	798	2	169.0713054023582
165	1201	3	165.98413288741807
165	1313	4	165.4489749233766
165	417	5	130.2547745407312
165	89	6	126.09676878187904
165	1244	7	125.41758955249747
165	272	8	121.53468424594156
165	94	9	117.67178373464516
165	131	10	116.61370569873462
166	329	1	200.10512693679868
166	798	2	190.8186987369452
166	1313	3	172.26036620416767
166	1201	4	170.64428860197242
166	417	5	142.68268073495386
166	272	6	140.77315743221092
166	89	7	136.62665699923284
166	1040	8	125.43452692489541
166	1244	9	122.91640201710534
166	1239	10	117.02053503941193
167	1201	1	180.08759343348459
167	1313	2	178.05877445830242
167	1147	3	170.51303159463725
167	329	4	169.9619488609926
167	798	5	158.96120478561102
167	721	6	127.12591146266416
167	89	7	124.28619991972614
167	927	8	117.91709561727444
167	417	9	114.59809419335537
167	1040	10	113.95204337764332
168	1201	1	225.39580163841558
168	1313	2	200.69064303115985
168	798	3	172.92166693182915
168	329	4	163.02491923339943
168	160	5	151.15459758596035
168	927	6	143.23149206652482
168	89	7	142.79404123057896
168	721	8	136.71809884784318
168	1239	9	135.27414234211918
168	1047	10	132.72335362073784
169	1201	1	225.39580163841558
169	1313	2	200.69064303115985
169	798	3	185.66474036948895
169	329	4	173.37596763523035
169	927	5	160.66586731541105
169	160	6	153.01026369601806
169	89	7	152.07237178086757
169	721	8	151.73517377824723
169	417	9	147.1141413707853
169	1072	10	145.56626326999017
170	1313	1	215.17376509055674
170	1201	2	181.61890143145126
170	798	3	169.31634050237898
170	1040	4	167.3039081728278
170	272	5	162.8769061310872
170	315	6	161.0408201676642
170	140	7	158.59553496297414
170	165	8	148.68589886168812
170	721	9	144.39489135981597
170	329	10	143.03706163423513
171	798	1	99.67485822684114
171	329	2	90.2778262096407
171	77	3	86.0672536161561
171	244	4	85.68374632051801
171	252	5	84.16331155300227
171	315	6	83.75880623023441
171	1204	7	82.34074553213999
171	1313	8	81.01616551085378
171	185	9	78.84906370031935
171	225	10	76.59012961424261
172	1201	1	155.8798597871128
172	798	2	146.18369080354358
172	329	3	127.47993191249914
172	1313	4	124.2129071466944
172	499	5	110.16382698468222
172	417	6	108.30048050857299
172	89	7	99.30912521305878
172	1382	8	98.98376607723408
172	1040	9	97.39616624838384
172	131	10	96.73592886928704
173	1201	1	139.70206885433987
173	798	2	131.27117220114948
173	1313	3	119.9751717544241
173	417	4	113.16293299765056
173	329	5	110.53925385878364
173	1040	6	101.59119727100995
173	1047	7	101.30625702506602
173	73	8	98.49164708727488
173	94	9	94.66324448604689
173	792	10	92.4822884187073
174	1313	1	94.74122636281746
174	329	2	83.55191738241976
174	1274	3	61.285111954938934
174	1319	4	61.285111954938934
174	798	5	54.16742208224835
174	757	6	48.586014324256574
174	160	7	47.76433668686946
174	1248	8	44.91411723945418
174	132	9	44.317075824264094
174	94	10	42.16856062786402
175	1040	1	81.51743395652704
175	315	2	80.38658901200122
175	9	3	75.6151524176039
175	798	4	74.66798832342411
175	272	5	70.07148963466798
175	165	6	57.77505632591624
175	976	7	52.514831823030406
175	941	8	51.55719543464878
175	1313	9	49.50455477808501
175	189	10	49.411924398231875
176	542	1	50.86842020672481
176	160	2	46.33423844140425
176	1040	3	36.23122862560485
176	869	4	35.4072781008862
176	707	5	34.82991677137743
176	329	6	33.18058851709505
176	1375	7	32.62464130290553
176	962	8	28.821392447801536
176	62	9	28.446622871809645
176	1207	10	27.904818698974182
177	576	1	100.46342151789379
177	588	2	98.46235456312223
177	589	3	91.62140400622037
177	640	4	69.45373405060701
177	216	5	65.95561492109778
177	262	6	65.03515883767562
177	928	7	62.119546630961544
177	798	8	58.77185832120137
177	1147	9	58.67194594228286
177	138	10	56.59985560847194
178	1201	1	113.63874260805754
178	1313	2	107.14859904306232
178	329	3	105.06642152456277
178	417	4	102.60802564776426
178	798	5	97.33832651881212
178	827	6	90.63908229614168
178	589	7	86.07985224223204
178	73	8	78.29420511960961
178	94	9	77.77764561381781
178	1239	10	75.84867000718094
179	1313	1	244.29613205457514
179	798	2	235.92159180418207
179	1201	3	219.86715303878202
179	329	4	193.49468601732795
179	49	5	190.19854880769861
179	94	6	178.99496136612714
179	417	7	170.6296598434707
179	721	8	166.18162337488596
179	826	9	165.74393782184646
179	1239	10	163.54884361381568
180	548	1	87.43396730916443
180	874	2	54.541316139925854
180	315	3	47.746060411485786
180	1040	4	47.37763422658152
180	622	5	46.4329190689177
180	218	6	45.66471018445627
180	798	7	45.5475233875523
180	614	8	45.509282338209054
180	1072	9	38.54017475345612
180	613	10	36.51359313089377
181	695	1	91.76433321686507
181	1195	2	81.83863332606795
181	997	3	62.69395883712413
181	721	4	59.08123318701507
181	946	5	53.38809160608275
181	1292	6	53.067836914039255
181	174	7	49.867226056297596
181	993	8	49.499279774720634
181	173	9	49.24394537171639
181	1352	10	47.567963342919214
182	685	1	211.33665947521837
182	1313	2	182.85958768848565
182	798	3	177.78126325121627
182	1201	4	157.58452664238587
182	797	5	148.06594433731033
182	1040	6	131.15553424481863
182	193	7	129.58672638741544
182	673	8	123.71330450135504
182	572	9	123.2721473097125
182	1300	10	121.73475187330688
183	1313	1	81.0404356511929
183	798	2	67.60880058059185
183	272	3	58.91186984456671
183	1239	4	48.9980629300275
183	1040	5	48.792476041326836
183	344	6	48.61895290442667
183	244	7	46.1056015612713
183	811	8	45.61695483080857
183	199	9	45.249380555557394
183	721	10	44.47936327871103
184	82	1	55.036806015413234
184	554	2	37.626985780404496
184	798	3	32.111795774745886
184	917	4	29.17937551956083
184	163	5	26.551167746939253
184	1113	6	24.750827162558107
184	1313	7	24.64693029428451
184	1347	8	23.386949791450526
184	164	9	23.09354505609972
184	1040	10	22.978650097861415
185	856	1	79.99301733450767
185	766	2	71.02410419486279
185	859	3	65.79009972587605
185	857	4	59.80909516550211
185	202	5	59.60676829399034
185	948	6	57.316311065134286
185	858	7	56.76003596556536
185	753	8	44.937787819177636
185	391	9	41.609324853987935
185	1392	10	40.23572002826533
186	1239	1	120.38593849716764
186	433	2	84.87468991391246
186	432	3	55.08862535090972
186	927	4	51.31845145895883
186	1075	5	49.922653395966805
186	266	6	49.37306755191172
186	924	7	49.03700806810359
186	1243	8	48.661765719606194
186	803	9	48.38042172705347
186	315	10	46.49979754912514
187	798	1	155.5294941678365
187	1201	2	152.20776295091267
187	1313	3	132.66275900065057
187	826	4	131.39992564210723
187	1040	5	122.13624235967973
187	928	6	109.50911074360063
187	1119	7	108.59278629804508
187	131	8	107.5699082419083
187	89	9	105.82547527563712
187	739	10	104.1025929736114
188	798	1	201.66871377732684
188	1201	2	178.1674637528039
188	1313	3	168.00980489339105
188	329	4	160.79619044047564
188	640	5	140.30509732900958
188	721	6	134.21214805574576
188	262	7	131.6594861722023
188	1040	8	127.70139400102562
188	927	9	127.16008107238679
188	244	10	126.25500199798674
189	798	1	125.13297541926454
189	1201	2	124.64922144093238
189	329	3	117.73298963158396
189	1313	4	114.37358332968874
189	767	5	113.09827084568477
189	640	6	105.12126867474103
189	417	7	103.30691877698082
189	89	8	99.32140709644602
189	1248	9	95.848820252905
189	452	10	91.83624522782692
190	1201	1	281.3145994379157
190	1313	2	212.3934853626562
190	798	3	210.9566587845244
190	417	4	165.32099170785344
190	329	5	159.40251260247638
190	1040	6	153.96033123506723
190	94	7	142.95661935043853
190	1239	8	141.88120763515985
190	928	9	141.3006914196623
190	262	10	135.42380041964893
191	1313	1	165.56089284992743
191	1201	2	163.41037611433936
191	1244	3	151.44259890566522
191	798	4	125.4812759742787
191	827	5	123.73292242769223
191	417	6	118.2805161628253
191	329	7	115.24725534228043
191	766	8	112.91152266971764
191	1392	9	112.45726052089076
191	94	10	101.11269881069157
192	792	1	23.562942998295576
192	1202	2	18.61753903770603
192	739	3	17.54527072437752
192	1175	4	17.254722825745215
192	1398	5	17.18914318009923
192	735	6	15.859116790961409
192	234	7	13.628162119608149
192	875	8	13.256151393032926
192	743	9	12.346113046158036
192	225	10	12.265345907647335
193	730	1	65.5539895056732
193	1392	2	54.50296501546146
193	733	3	53.499461059688635
193	826	4	48.72933077236646
193	798	5	39.694095547836945
193	1201	6	39.01056508688905
193	73	7	38.13879485312033
193	1398	8	36.55668826427525
193	927	9	36.52259048445351
193	1147	10	36.33915098455821
194	1313	1	185.27408398301452
194	798	2	178.4232216768265
194	329	3	169.95622412304942
194	1201	4	165.2051281406953
194	1047	5	144.14295469152538
194	928	6	142.97736309001164
194	272	7	142.74808406339983
194	739	8	135.19174850254242
194	89	9	134.94726864730856
194	1147	10	134.2583969264656
195	1201	1	152.6878052971886
195	798	2	140.68803955941397
195	1313	3	135.23213054419972
195	739	4	127.79600104583456
195	927	5	119.06950301336013
195	329	6	118.51969674095508
195	499	7	116.55380973430879
195	928	8	115.94423889244638
195	827	9	111.56801713598156
195	1382	10	102.83296261439672
196	1313	1	184.41114989297904
196	798	2	169.44015794496028
196	1201	3	168.16975753818625
196	329	4	153.2533607381966
196	927	5	138.5440896420014
196	89	6	134.4764626941461
196	417	7	128.5024803775431
196	499	8	124.87744660371366
196	1239	9	117.55062361868181
196	94	10	117.17914682041268
197	1201	1	144.46352260756893
197	1313	2	105.52949427530196
197	798	3	92.83053678783928
197	329	4	78.70047656178714
197	417	5	78.09820965194157
197	94	6	74.66663204781116
197	1244	7	72.6744444415459
197	927	8	71.74161252433885
197	234	9	71.06880945153772
197	89	10	67.51871363047209
198	798	1	217.59692280903232
198	1201	2	190.7721985085798
198	1313	3	166.8107115538419
198	329	4	139.64871422064402
198	826	5	135.6854585789934
198	889	6	128.6843284828604
198	1040	7	127.614280124076
198	928	8	123.5070906945747
198	89	9	122.83711127872326
198	417	10	117.21717269053164
199	739	1	64.26242342201012
199	827	2	54.830437160665326
199	1059	3	51.380490326535224
199	225	4	47.28653837819542
199	764	5	44.77370763904533
199	928	6	44.06126582261375
199	1204	7	43.63597345934605
199	94	8	41.57354013598062
199	828	9	39.63562639189789
199	315	10	34.96330889429067
200	1201	1	167.29978840850913
200	1313	2	159.55504125150094
200	329	3	155.25075441492967
200	798	4	149.09103692197354
200	1134	5	126.32473973851893
200	826	6	125.16947451811906
200	89	7	118.46516587457599
200	927	8	116.44428957733719
200	94	9	113.79477858233977
200	1040	10	113.20957265080887
201	329	1	253.0006769898598
201	1313	2	241.39780472749626
201	1201	3	172.56458375598243
201	798	4	170.1463806323028
201	89	5	152.48289080995065
201	625	6	124.55117776896331
201	272	7	121.16032749004967
201	401	8	119.88564768551937
201	1244	9	119.64268658965052
201	927	10	113.3317181598998
202	225	1	83.39403446216551
202	1310	2	77.10415127223892
202	329	3	70.10006540531266
202	798	4	67.58733405662984
202	1201	5	67.14973541281434
202	1040	6	65.91902645810396
202	315	7	65.3661813333412
202	927	8	59.62889715512658
202	721	9	57.94215804544653
202	234	10	56.817556103271706
203	225	1	114.59661607759584
203	927	2	95.12604553450723
203	798	3	80.8319005192107
203	49	4	77.29552241385457
203	329	5	74.65212030868855
203	1201	6	73.33404289503164
203	89	7	72.92243936000385
203	1382	8	71.21251183500357
203	1313	9	71.0142046351944
203	721	10	70.79504305375207
204	329	1	43.44394533305465
204	174	2	29.78106061998305
204	147	3	27.970701345543095
204	189	4	27.769281120930223
204	971	5	26.67211501712776
204	1229	6	26.559872530590276
204	94	7	25.387360994461332
204	1352	8	24.54161446167636
204	1313	9	23.84543051069094
204	56	10	23.444448357873892
205	329	1	82.83187376082435
205	798	2	75.91731147449013
205	72	3	68.38872234106005
205	272	4	67.76230776062863
205	1235	5	58.25156177409725
205	131	6	55.74464446888288
205	364	7	55.42204296492627
205	244	8	53.97221398367206
205	24	9	53.654328652819345
205	1244	10	52.91785969185911
206	1201	1	145.9903274372245
206	798	2	143.03942254505623
206	1313	3	126.77355211956163
206	1290	4	124.265170149057
206	329	5	118.49781307099762
206	315	6	100.63511659239228
206	927	7	100.0316972244664
206	1040	8	99.10066363731814
206	94	9	98.80221484018644
206	721	10	96.95719117106675
207	1290	1	69.6034557772306
207	202	2	66.50045942231465
207	859	3	66.02489622988195
207	1341	4	61.585473167787185
207	433	5	56.82246209113222
207	712	6	49.03711273528721
207	695	7	48.706231987527886
207	948	8	48.20865857352533
207	766	9	47.74983792200337
207	753	10	45.00220360563946
208	1291	1	243.7186463114339
208	1201	2	221.7451136037707
208	1313	3	196.94479049413098
208	798	4	185.78487054508187
208	163	5	164.73426966928082
208	1239	6	149.3629635833289
208	329	7	143.10019670961915
208	262	8	141.71981732525006
208	417	9	130.76550844943228
208	721	10	130.56368285235632
209	798	1	230.8162304042313
209	1201	2	178.91712760795056
209	329	3	174.0096086622774
209	89	4	161.0644697575197
209	1313	5	140.71611719324778
209	1244	6	136.64668340205947
209	131	7	120.65506966633808
209	417	8	120.19770945113399
209	1040	9	115.40080951289616
209	364	10	112.99758689199948
210	798	1	164.52886174535885
210	1313	2	151.28181286904262
210	1201	3	149.4156762833032
210	739	4	132.2461131434849
210	1040	5	130.3130775455113
210	826	6	128.41205274258726
210	721	7	119.14403768312113
210	827	8	112.31717859622822
210	927	9	109.67142447323809
210	928	10	107.96691345978198
211	1201	1	157.79943391828664
211	798	2	145.98528770917588
211	739	3	135.3679147157225
211	1313	4	133.35832083418825
211	1040	5	128.3441719467359
211	826	6	105.70141843942862
211	89	7	102.79976484495428
211	721	8	101.99246880890536
211	928	9	101.97345395960618
211	329	10	100.76434464989673
212	798	1	135.88947335227502
212	1201	2	133.58644853948877
212	1313	3	121.0012274370687
212	928	4	99.81137640403745
212	1040	5	98.51006514243531
212	927	6	96.36698025391942
212	329	7	96.2181654761471
212	73	8	89.96488754948481
212	131	9	88.97753170127409
212	1239	10	87.4018914177173
213	1201	1	198.33344430195922
213	798	2	179.48235559199884
213	1313	3	178.1645117098838
213	329	4	148.42063564546206
213	94	5	143.14747773668296
213	272	6	139.4217991824988
213	928	7	139.2358129554892
213	1040	8	134.83523776728782
213	131	9	127.71505256402426
213	1147	10	127.45988287595114
214	1313	1	161.09290039021576
214	1201	2	150.2863795065361
214	798	3	131.52484740115423
214	329	4	127.81522968526053
214	739	5	125.8514977344741
214	1047	6	118.59971757801797
214	244	7	118.5541038887036
214	828	8	118.48805891330785
214	1147	9	117.51638349953764
214	499	10	115.22988755127452
216	1313	1	198.36961538192935
216	721	2	151.41346687749902
216	798	3	151.25973353639603
216	1201	4	149.5071956332549
216	329	5	133.12883705180337
216	1040	6	122.2563878938397
216	695	7	119.09517239380901
216	1382	8	114.45702693869283
216	1239	9	113.77877749593667
216	1147	10	111.06046993755002
217	1313	1	222.86191289186428
217	329	2	191.46324561618337
217	1239	3	172.47312584861663
217	798	4	169.2619841117911
217	1201	5	165.10120512272766
217	1040	6	154.85448370504923
217	662	7	134.14147408030212
217	272	8	129.47914071380234
217	946	9	124.78744851195366
217	94	10	122.33988652250704
218	1201	1	212.4704311541941
218	1313	2	188.66814224069117
218	329	3	178.70101292629198
218	1239	4	167.36276638437016
218	798	5	162.21566457537693
218	1040	6	151.7187018987001
218	89	7	147.91467663822627
218	1147	8	134.85421705105736
218	49	9	134.40412277680886
218	94	10	132.8509269144938
219	1313	1	167.76726650083776
219	1201	2	161.26360759957052
219	798	3	151.44759407872655
219	1040	4	138.77200131748654
219	417	5	125.08819564560217
219	329	6	123.09106384374326
219	272	7	108.08300872400729
219	94	8	107.87404402781611
219	1239	9	105.56356001681488
219	315	10	103.08738260870936
220	329	1	126.9990828071756
220	798	2	107.39529517237428
220	1225	3	84.4066049297241
220	272	4	82.33481478443858
220	89	5	82.20829345612327
220	1313	6	81.29980771307397
220	189	7	78.57249869240377
220	244	8	77.86292759193434
220	1268	9	74.2093184205218
220	1375	10	72.72232123031154
221	94	1	76.08119448051076
221	193	2	72.20807312785979
221	798	3	70.2686098719073
221	189	4	63.63127858243375
221	962	5	59.33079955206163
221	662	6	59.08999174857411
221	1313	7	58.23145615238786
221	49	8	57.34773928791972
221	1375	9	56.83284309673578
221	1386	10	56.76143879119939
222	1201	1	128.92629282493442
222	1244	2	119.38176221287358
222	1313	3	112.77995264217208
222	798	4	109.88577291424502
222	826	5	100.28832121484058
222	329	6	97.74087137201847
222	89	7	96.4820239994607
222	131	8	92.91197046291998
222	827	9	92.76346328208693
222	73	10	81.70906623297151
223	1119	1	77.873167713735
223	826	2	66.51783102600945
223	1244	3	64.11716108138314
223	739	4	58.707480435280445
223	798	5	58.00954025355387
223	484	6	55.94602375060213
223	820	7	54.79022843540708
223	827	8	50.663518073695506
223	89	9	49.72984546113605
223	928	10	47.99932665546937
224	1313	1	299.7760484929903
224	329	2	268.7531355583218
224	1201	3	215.87536419135782
224	798	4	198.59621394384294
224	94	5	150.7379544340424
224	927	6	146.6038447250731
224	160	7	145.68263048079402
224	89	8	144.19509199202116
224	757	9	141.49007389255533
224	1239	10	140.46664954470918
225	1380	1	108.05784898750932
225	1313	2	97.39439437203544
225	225	3	94.29943805649734
225	1291	4	89.22037064054159
225	77	5	87.52530571652157
225	640	6	77.0634120668903
225	1188	7	73.48460032269529
225	701	8	71.02837789539079
225	9	9	69.78769706465053
225	70	10	69.52781550719875
